1637352609, 1637352610
"1145_Trial_10_visHard_bioEasy.json", 1637352631, 1637352636
"1402_Trial_19_visHard_bioEasy.json", 1637352640, 1637352642
"1680_Trial_8_visHard_bioEasy.json", 1637352643, 1637352645
"2128_Trial_16_visHard_bioEasy.json", 1637352648, 1637352649
"2864_Trial_18_visHard_bioEasy.json", 1637352650, 1637352655
"2966_Trial_4_visHard_bioEasy.json", 1637352656, 1637352661
"3360_Trial_3_visHard_bioEasy.json", 1637352663, 1637352668
"3622_Trial_12_visHard_bioEasy.json", 1637352670, 1637352677
"3641_Trial_14_visHard_bioEasy.json", 1637352714, 1637352716
"3704_Trial_6_visHard_bioEasy.json", 1637352718, 1637352721
"4247_Trial_2_visHard_bioEasy.json", 1637352723, 1637352725
"4401_Trial_7_visHard_bioEasy.json", 1637352728, 1637352730
"4412_Trial_5_visHard_bioEasy.json", 1637352732, 1637352735
"5167_Trial_20_visHard_bioEasy.json", 1637352736, 1637352739
"5242_Trial_15_visHard_bioEasy.json", 1637352740, 1637352743
"5881_Trial_17_visHard_bioEasy.json", 1637352744, 1637352747
"7880_Trial_1_visHard_bioEasy.json", 1637352747, 1637352750
"7999_Trial_21_visHard_bioEasy.json", 1637352751, 1637352755
"9031_Trial_13_visHard_bioEasy.json", 1637352756, 1637352759
"9268_Trial_9_visHard_bioEasy.json", 1637352760, 1637352764
"9893_Trial_11_visHard_bioEasy.json", 1637352765, 1637352769
